user_id,first_name,last_name,date_of_birth,email,phone,address,city,state,postal_code,country,signup_date
1,daniel,padilla,1988-03-23, AMBERBRANCH@THOMPSON.COM ,+1-127-911-8990x8859,4285 Turner Lakes Apt. 890 ,Michaeltown,Wyoming,32875,Czech Republic,2025-02-28
2,christopher,willis,1969-12-07, HALEKATHRYN@GRIFFIN.INFO ,615.292.8943x02144, 938 Howard Rapid ,Bellstad,Nebraska,47355,United States Virgin Islands,2024-06-28
3,james,phillips,1995-08-08, JAMESCALHOUN@YAHOO.COM ,001-297-671-1476x79369,6655 Mccarthy Cape Suite 514 ,Larsonfurt,New Mexico,40518,Luxembourg,2024-03-06
4,tanya,harris,1982-11-09, LUNADIANA@CLARK.COM ,271-022-0416x746,4650 Travis Trail ,Alexisfurt,Idaho,64770,Mexico,2021-10-18
5,martin,nelson,1950-05-24, FWHITE@HOTMAIL.COM ,992-101-6524x05124,24897 Glover Junctions Apt. 890 ,Julieberg,Rhode Island,35721,Lao People's Democratic Republic,2020-01-08
6,jeffrey,marshall,1950-09-17, MOOREPATRICIA@EDWARDS.ORG ,001-944-025-3083x554,593 Fields Meadow Suite 852 ,Romeroville,New Jersey,80708,Israel,2024-03-21
7,robert,johnson,1993-01-11, PMARTIN@HOTMAIL.COM ,793.294.9508,361 Anderson Station Suite 929 ,Johnborough,Utah,65053,Tunisia,2020-10-17
8,terry,moran,1966-02-21, LWILCOX@HOTMAIL.COM ,(604)642-9724x8837,8770 Jennifer Loaf Suite 643 ,West Aaron,Washington,42540,Greenland,2023-03-28
9,robert,giles,1986-11-16, ERIKHOOD@YAHOO.COM ,(244)066-0043x83902,01741 Smith Squares ,Port Derrick,Wyoming,91348,Norway,2025-07-04
10,joseph,huynh,2001-08-11, SANDRA80@GROSS.ORG ,+1-425-247-3854x7597,85306 Marshall River ,East Michelle,Tennessee,26660,Yemen,2024-04-05
11,brian,burgess,1983-04-03, PKING@SMITH.COM ,693.873.3590x613,47183 Laura Cape Suite 898 ,Burnston,Mississippi,08361,Tokelau,2020-06-22
12,alexander,ortiz,1952-12-17, BENJAMIN78@HOTMAIL.COM ,254-675-9672,5007 Doyle Estates ,Lake Ericburgh,Kansas,98232,Djibouti,2023-09-05
13,caleb,fuller,1995-01-13, MICHAELHERNANDEZ@HOTMAIL.COM ,835.789.1699x1520,23036 Stacey Mountains ,East Adam,North Carolina,97061,Egypt,2023-10-24
14,justin,hines,2002-10-08, RIVERSTINA@YAHOO.COM ,5409310353,012 Benjamin Summit Suite 894 ,New Brittanyberg,Missouri,16913,Chile,2023-04-04
15,shannon,king,1950-03-03, LOPEZANNETTE@YAHOO.COM ,611.656.6540x07121,0782 Charles Ports Suite 621 ,Lake Johnport,Arkansas,52292,Sweden,2023-05-06
16,Dawn,Watson,1968-10-15,rortiz@hotmail.com,+1-986-621-8695x20672,20748 Amber Road,East Madison,Nevada,11815,Bouvet Island (Bouvetoya),2023-04-11
17,Ashley,Rogers,1988-04-20,iburch@harrison.com,+1-737-896-3464x2649,9130 Taylor Spring,Robertsshire,North Carolina,68857,Cayman Islands,2020-07-25
18,Lydia,Hart,1955-02-14,michelle63@gmail.com,728.208.7660x635,92982 John Mountains,New Marychester,Virginia,03120,Burkina Faso,2022-09-20
19,Billy,Esparza,2000-04-04,farleyjohn@walker.com,001-121-635-9503x9039,0127 Martin Land,Hamptonshire,Nevada,26994,Armenia,2022-09-16
20,Hailey,Andrade,1998-07-14,michelle68@burns.com,3173287795,3215 Smith Ford Apt. 724,West Jeremyfurt,Nevada,47478,Haiti,2020-02-02
21,Timothy,Johnson,2006-11-02,zreynolds@yahoo.com,(511)287-3082x0754,80328 Reed Ridges Apt. 022,East Ashley,Maine,47029,Belarus,2022-10-27
22,David,Wilson,1963-06-06,dhall@cruz.net,001-890-807-6104x3665,03597 Cynthia Prairie Apt. 647,Sharonshire,Ohio,55513,Guam,2024-01-08
23,Krystal,Holt,1987-01-24,shahjessica@foster.com,193.457.8707x46248,3490 Brock Brook Apt. 959,North Anthonyton,Minnesota,25376,Falkland Islands (Malvinas),2025-05-14
24,Adam,Ruiz,1998-10-03,smithmorgan@lopez.org,001-361-223-6965,980 Ashley Landing,Rasmussenmouth,Kansas,95113,Comoros,2022-01-08
25,Andrew,Harris,1960-09-20,lunamichael@rodriguez-lewis.com,786.280.7679x33953,05141 Cantrell Lakes Suite 731,Port Lauraborough,Arizona,16581,Japan,2021-07-15
26,Zachary,Rodriguez,2000-04-19,kenneth74@hotmail.com,0252491123,31488 Maldonado Dale,Flemingmouth,Kansas,31390,Montenegro,2025-09-22
27,Kim,Boyd,1998-06-06,kevinhobbs@hotmail.com,214.010.3178x143,372 Nicole Square,North Jamesfort,Montana,11665,Finland,2024-01-18
28,Timothy,Jarvis,1983-05-10,keithstevenson@yahoo.com,347-352-8946x8689,86573 Maria Viaduct Suite 764,East Alfred,New Mexico,48710,Antarctica (the territory South of 60 deg S),2022-12-04
29,Frank,Castillo,1957-02-13,jill79@gmail.com,1896829306,5149 Thomas Freeway,New Kimberly,Tennessee,94741,Gibraltar,2025-09-07
30,Kelly,Kennedy,1984-08-30,ofreeman@yahoo.com,+1-034-977-4776x97609,18399 Morales Ranch Suite 610,West Jamieshire,Hawaii,46426,Solomon Islands,2022-10-12
31,Jeffery,Riddle,1951-08-04,martinryan@horne.com,(576)918-7610,592 Michael Road Suite 780,Lopezfort,Vermont,13723,Dominica,2023-07-08
32,Kristina,Pitts,1968-06-28,zwalker@pham.com,389-557-9962x413,7850 Carrie Drive Apt. 279,South Robert,Wyoming,73528,Australia,2025-10-12
33,Joshua,Edwards,1993-01-17,debradecker@allen-garrett.org,331.530.4542x284,511 Gregory Locks Apt. 666,Jesseport,West Virginia,23644,Japan,2020-02-07
34,Kathy,Martin,1980-07-22,kristina17@gutierrez-gallegos.com,(955)352-2107x2740,1122 Rivera Park Suite 148,Kochbury,Texas,66159,India,2025-06-29
35,Jonathan,Hopkins,1982-11-07,tbaker@yahoo.com,(705)179-8872x140,23676 Scott Grove,South Cassandrashire,Idaho,30904,Comoros,2023-01-10
36,Angela,Cohen,2001-05-24,maynardmichael@yahoo.com,(044)033-2886,7603 Sydney Junctions Apt. 555,Carterhaven,Alaska,39831,Belize,2025-06-15
37,Trevor,Mcgrath,1980-02-02,tonya95@hall.org,(389)105-9321x22596,780 Margaret Center,Emilyberg,Connecticut,63547,Benin,2023-02-04
38,Mike,Mcdonald,1980-09-30,bburch@yahoo.com,001-987-986-5878x7629,4702 Weber Mountain Suite 294,Kathryntown,New Mexico,94420,Togo,2022-03-11
39,Eric,Avila,1952-04-19,ndavis@yahoo.com,208.438.5983,05762 Mitchell Vista Apt. 614,Smithbury,Washington,10713,Kiribati,2020-05-23
40,Michael,Harris,2002-08-07,theodoreschultz@hotmail.com,662.853.4362x5980,96286 Hall Burg Apt. 968,Nicholasfort,Georgia,98869,Montenegro,2021-11-20
41,Todd,Jenkins,1988-12-28,bradley48@whitney-taylor.biz,814-142-0534,977 Michael Drives Apt. 716,Ellisborough,South Dakota,87023,Kyrgyz Republic,2021-04-05
42,Dennis,Smith,1957-07-16,christophermontgomery@kelly-morgan.org,001-277-907-8145x635,0702 Bean Oval Suite 860,Watkinshaven,Pennsylvania,18393,Guinea,2024-04-17
43,Laura,Arroyo,1989-02-19,bethanymckenzie@flores.com,601.336.6441,8651 Day Track Apt. 693,Mooneyburgh,Montana,47268,Nigeria,2023-01-02
44,Calvin,Green,1959-07-31,smithashley@hotmail.com,681.639.2889x1980,348 Brown Cliff Suite 629,Port Brianna,Wyoming,81398,Guatemala,2020-12-24
45,Kim,Moreno,1981-10-11,ghuynh@fuller-brown.org,145.259.5120,819 Scott Mountain,Lake Johnhaven,Texas,19371,Lao People's Democratic Republic,2023-01-21
46,Melissa,Ruiz,1971-10-29,davisvalerie@norris.net,+1-902-063-5711x593,028 Gutierrez Mill,Andrewschester,Tennessee,77071,Saudi Arabia,2025-08-29
47,William,Johnson,1949-02-21,afrey@hotmail.com,001-030-942-1451x99688,5188 Fisher Islands,Lake Austin,Florida,41292,Botswana,2022-05-13
48,Sarah,Daugherty,2006-01-19,annettejones@yahoo.com,388-213-5893,1602 Maria Vista,Lake Cathy,Connecticut,63535,British Indian Ocean Territory (Chagos Archipelago),2021-10-28
49,Eric,Salinas,2000-01-25,williamsonmary@cantu.com,704.367.4982x78295,992 Torres Dale,Lake Nicholaschester,Virginia,95650,San Marino,2025-07-08
50,Manuel,Ingram,1987-03-30,floresjessica@long-johnson.biz,(358)154-2978x224,860 Catherine View,Danielleville,Ohio,74330,Turkmenistan,2023-12-07
